molname,el_energy
mol_00001,-0.03299513596204989
mol_00002,0.006342243877359883
mol_00003,-0.030618168404248615
mol_00004,-0.25329433809310387
mol_00005,-0.3885964916605942
mol_00006,0.17233815289710436
mol_00007,-0.47414517045381266
mol_00008,-0.27849871774537927
mol_00009,0.015531949812442245
mol_00010,0.2704322238036784
